benchmark_fla_b1.log	4 KB
benchmark_fla_b16.log	4 KB
benchmark_state_aware_cuda_b1.log	4 KB
benchmark_state_aware_cuda_b16.log	4 KB
environment/date.txt	4 KB
environment/git_commit.txt	4 KB
environment/git_status.txt	4 KB
environment/hostname.txt	4 KB
environment/ncu_limitation.txt	4 KB
environment/ncu_version.txt	4 KB
environment/nsys_version.txt	4 KB
environment/nvcc_version.txt	4 KB
environment/nvidia_smi.txt	4 KB
environment/nvidia_smi_p2p.txt	4 KB
environment/nvidia_smi_q.txt	24 KB
environment/nvidia_smi_topo.txt	4 KB
environment/pip_freeze.txt	8 KB
environment/torch_versions.txt	4 KB
environment/uname.txt	4 KB
event_fla_b1.log	4 KB
event_fla_b16.log	4 KB
event_state_aware_cuda_b1.log	4 KB
event_state_aware_cuda_b16.log	4 KB
file_manifest.tsv	0 KB
full_suite/compare_eager_graph.json	8 KB
full_suite/compare_eager_graph.log	8 KB
full_suite/compare_tp1_tp2.json	12 KB
full_suite/compare_tp1_tp2.log	12 KB
full_suite/nccl_smoke.json	4 KB
full_suite/nccl_smoke.log	4 KB
full_suite/nvcc_version.txt	4 KB
full_suite/nvidia_smi_L.txt	4 KB
full_suite/nvidia_smi_q.txt	24 KB
full_suite/nvidia_smi_topo.txt	4 KB
full_suite/prefix_tp2.json	8 KB
full_suite/prefix_tp2.log	8 KB
full_suite/preflight.json	4 KB
full_suite/preflight.log	4 KB
full_suite/run_metadata.txt	4 KB
full_suite/status.tsv	4 KB
full_suite/summarize.log	4 KB
full_suite/summary.json	20 KB
full_suite/summary.md	4 KB
full_suite/tp1_eager_cuda.json	400 KB
full_suite/tp1_eager_cuda.log	4 KB
full_suite/tp2_eager_cuda.json	400 KB
full_suite/tp2_eager_cuda.log	4 KB
full_suite/tp2_fla_smoke.json	4 KB
full_suite/tp2_fla_smoke.log	4 KB
full_suite/tp2_graph_cuda.json	400 KB
full_suite/tp2_graph_cuda.log	4 KB
kernel_test_state_aware_causal_conv_cuda.log	4 KB
kernel_test_state_aware_causal_conv_reference.log	4 KB
kernel_test_state_aware_gdn_cuda_extension.log	4 KB
kernel_test_state_aware_gdn_reference.log	4 KB
kernel_test_state_aware_gdn_triton.log	4 KB
master.log	60 KB
nsys/smoke.nsys-rep	80 KB
nsys/tp2_eager_b16.json	12 KB
nsys/tp2_eager_b16.nsys-rep	9376 KB
nsys/tp2_eager_b16.sqlite	23168 KB
nsys/tp2_eager_stats_cuda_api_sum.csv	4 KB
nsys/tp2_eager_stats_cuda_gpu_kern_sum.csv	36 KB
nsys/tp2_eager_stats_nvtx_sum.csv	4 KB
nsys/tp2_graph_b16.json	12 KB
nsys/tp2_graph_b16.nsys-rep	6648 KB
nsys/tp2_graph_b16.sqlite	16524 KB
nsys/tp2_graph_stats_cuda_api_sum.csv	8 KB
nsys/tp2_graph_stats_cuda_gpu_kern_sum.csv	36 KB
nsys/tp2_graph_stats_nvtx_sum.csv	4 KB
nsys_smoke.log	4 KB
nsys_stats_tp2_eager.log	4 KB
nsys_stats_tp2_graph.log	4 KB
nsys_tp2_eager_b16.log	4 KB
nsys_tp2_graph_b16.log	4 KB
pytorch_profiles/table_eager_fla_b1.txt	20 KB
pytorch_profiles/table_eager_state_aware_cuda_b1.txt	20 KB
pytorch_profiles/trace_eager_fla_b1.json	18376 KB
pytorch_profiles/trace_eager_state_aware_cuda_b1.json	17044 KB
status.tsv	4 KB
trace_cuda_b1.log	20 KB
trace_fla_b1.log	20 KB
