kernel_test_state_aware_causal_conv_reference	PASS	5s
kernel_test_state_aware_causal_conv_cuda	PASS	12s
kernel_test_state_aware_gdn_reference	PASS	12s
kernel_test_state_aware_gdn_triton	PASS	13s
kernel_test_state_aware_gdn_cuda_extension	PASS	12s
trace_fla_b1	PASS	32s
trace_cuda_b1	PASS	31s
event_fla_b1	PASS	25s
event_state_aware_cuda_b1	PASS	24s
event_fla_b16	PASS	25s
event_state_aware_cuda_b16	PASS	24s
benchmark_fla_b1	PASS	27s
benchmark_state_aware_cuda_b1	PASS	27s
benchmark_fla_b16	PASS	30s
benchmark_state_aware_cuda_b16	PASS	28s
nsys_smoke	PASS	7s
nsys_tp2_eager_b16	PASS	79s
nsys_stats_tp2_eager	PASS	3s
nsys_tp2_graph_b16	PASS	52s
nsys_stats_tp2_graph	PASS	2s
