Time (%),Total Time (ns),Instances,Avg (ns),Med (ns),Min (ns),Max (ns),StdDev (ns),Style,Range
77.2,6826742504,1,6826742504.0,6826742504.0,6826742504,6826742504,0.0,PushPop,:nano_tp2_measure
10.5,926008486,2494,371294.5,282997.0,182705,55281607,1568147.5,PushPop,NCCL:ncclAllReduce
6.3,559728680,2,279864340.0,279864340.0,279577153,280151527,406143.8,PushPop,NCCL:ncclCommInitRankConfig
4.5,396778641,2,198389320.5,198389320.5,196764952,200013689,2297204.0,PushPop,NCCL:ncclCommDestroy
1.1,95155667,58,1640614.9,279644.5,225447,48308653,7261576.5,PushPop,NCCL:ncclGroupEnd
0.2,21579280,30,719309.3,206451.0,177676,9534732,1910696.0,PushPop,CCCL:cub::DeviceScan::InclusiveScan
0.1,8407490,28,300267.5,98336.5,82971,5675023,1053476.4,PushPop,CCCL:cub::DeviceReduce::Sum
0.1,6803934,28,242997.6,211758.5,163428,743949,131462.9,PushPop,CCCL:cub::DeviceSelect::Flagged
0.0,2973282,2,1486641.0,1486641.0,1253511,1719771,329695.6,PushPop,NCCL:ncclCommFinalize
0.0,928891,29,32030.7,26819.0,20394,170971,27051.9,PushPop,NCCL:ncclRecv
0.0,846753,29,29198.4,28495.0,20952,48330,6731.1,PushPop,NCCL:ncclSend
0.0,780266,58,13452.9,10057.0,7263,59504,8794.8,PushPop,NCCL:ncclCommCount
0.0,389990,58,6724.0,6425.0,4749,13689,1734.7,PushPop,NCCL:ncclGroupStart
0.0,365406,58,6300.1,5867.0,4749,12572,1498.7,PushPop,NCCL:ncclCommUserRank
