Time (%),Total Time (ns),Num Calls,Avg (ns),Med (ns),Min (ns),Max (ns),StdDev (ns),Name
58.8,11565307300,2159,5356788.9,39669.0,15644,1189897040,47576992.8,cudaMemcpyAsync
23.4,4595351614,125461,36627.7,16483.0,10337,398391136,1479431.7,cudaLaunchKernel
3.8,751831316,1728,435087.6,26679.5,17880,348623918,8625653.2,cudaStreamSynchronize
3.0,586429472,8586,68300.7,19835.0,14527,170454904,2280095.5,cudaEventQuery
2.5,485644940,6648,73051.3,22349.0,16762,118150212,2125170.5,cuLaunchKernelEx
1.1,221361947,567,390409.1,269867.0,14806,3658845,477474.0,cudaMalloc
1.0,192054298,7710,24909.8,21232.0,15365,745905,30627.9,cudaStreamWaitEvent
0.8,148125172,11519,12859.2,8940.0,5866,10599392,107624.4,cudaEventRecord
0.6,123968271,22,5634921.4,5122579.0,105880,21068320,4611202.3,cuLibraryLoadData
0.6,122678470,3528,34772.8,23188.0,14527,27923102,472354.6,cuLaunchKernel
0.6,116767682,8914,13099.4,6705.0,4749,19180930,253503.0,cudaThreadExchangeStreamCaptureMode
0.5,105354453,30,3511815.1,138705.0,32127,22555660,6447313.1,cuMemCreate
0.5,96394398,9727,9910.0,8102.0,5028,1451022,22544.1,cudaStreamIsCapturing
0.4,76172251,1616,47136.3,8661.0,5587,24595025,750512.9,cuKernelGetFunction
0.3,60501542,64,945336.6,353536.0,88838,9283582,1729803.2,cuMemSetAccess
0.3,53698438,3928,13670.7,8660.0,5308,5969473,122206.5,cudaEventCreateWithFlags
0.2,44654300,4174,10698.2,9219.0,6704,541969,16515.1,cudaEventRecordWithFlags
0.2,37987738,3848,9872.1,8102.0,6146,493358,18828.1,cudaStreamGetCaptureInfo_v2
0.2,37111183,3829,9692.1,7823.0,5587,509562,19573.5,cudaEventDestroy
0.2,33163725,900,36848.6,23466.0,13410,5837334,203211.8,cudaMemsetAsync
0.2,30777665,3848,7998.4,6984.0,5028,493079,15483.9,cudaGetFuncBySymbol
0.1,25005973,40,625149.3,336774.0,73473,2817677,693065.1,cuMemUnmap
0.1,24672683,256,96377.7,9778.0,6704,13270961,840304.9,cudaStreamCreateWithPriority
0.1,24492498,2514,9742.4,6426.0,4470,492521,24136.1,cuGetProcAddress_v2
0.1,23736258,10,2373625.8,2093422.5,1805816,4764852,861806.2,cudaGetDeviceProperties
0.1,22338036,40,558450.9,111187.0,96940,5040585,1290059.8,cudaFree
0.1,20625249,12,1718770.8,1567518.0,1062146,3162413,632252.0,cuMemExportToShareableHandle
0.0,9199215,28,328543.4,250869.5,78222,871619,236763.1,cuModuleLoadData
0.0,5147583,82,62775.4,26120.5,4749,582756,115220.1,cuMemRelease
0.0,4934426,34,145130.2,43301.5,10336,1468622,332428.1,cudaHostAlloc
0.0,4613156,2,2306578.0,2306578.0,2118426,2494730,266087.1,cudaMemPoolCreate
0.0,3946029,12,328835.8,198768.0,88279,717409,252445.5,cuMemImportFromShareableHandle
0.0,3160177,2,1580088.5,1580088.5,40507,3119670,2177297.0,cudaMemGetInfo
0.0,2944229,26,113239.6,68305.0,37434,465981,98240.4,cudaDeviceSynchronize
0.0,2222908,14,158779.1,157143.0,112025,204495,25836.7,cuModuleLoad
0.0,1934883,2,967441.5,967441.5,136051,1798832,1175763.7,cudaMemPoolDestroy
0.0,1833193,40,45829.8,31848.0,9778,264559,47675.9,cuMemAddressReserve
0.0,1309105,42,31169.2,7264.0,5028,466261,97364.5,cuMemGetAllocationGranularity
0.0,1180321,40,29508.0,27936.5,10057,70680,16280.1,cuMemMap
0.0,991747,6,165291.2,47073.5,15085,541131,218278.1,cudaStreamCreateWithFlags
0.0,515156,68,7575.8,6426.0,4750,18159,2658.9,cudaGetDriverEntryPoint
0.0,491402,2,245701.0,245701.0,14247,477155,327325.4,cudaMemPoolSetAttribute
0.0,458155,24,19089.8,17600.0,5308,53917,10229.2,cuLibraryGetKernel
0.0,439442,40,10986.0,9499.0,6705,36317,5468.3,cuMemAddressFree
0.0,375467,40,9386.7,7123.5,5308,34642,5903.2,cuMemRetainAllocationHandle
0.0,294732,8,36841.5,37715.0,17600,55314,14424.1,cudaFreeHost
0.0,196115,10,19611.5,7961.5,5588,41625,16666.9,cuModuleGetLoadingMode
0.0,151696,6,25282.7,15505.0,12292,51124,17616.1,cudaStreamDestroy
0.0,120688,10,12068.8,11314.5,8940,16762,2780.5,cuInit
